Person ID	Career	Pronouns	LGBTQ	Nationality	Needs	Child
484845	Post doctorate or almost	Male	No answer	Spanish	NA	
487275	"Students (BSc, MSc, PhD)"	Female	No answer	NA	NA	
499887	"Senior position, lecturers, researchers"	Female	No	Hungarian	-	
488471	"Students (BSc, MSc, PhD)"	Female	No	Nigerian	NA	
479352	Post doctorate or almost	Male	No	Mexican	NA	
485169	Post doctorate or almost	Female	No answer	Belgian	NA	
485957	"Students (BSc, MSc, PhD)"	Female	No	Japanese	NA	
487378	"Students (BSc, MSc, PhD)"	Male	No	Spanish	NA	
504544	"Students (BSc, MSc, PhD)"	Female	No	Finnish	NA	
486969	"Students (BSc, MSc, PhD)"	Female	No	Hungarian	NA	
487379	Post doctorate or almost	Male	No answer	German	NA	
497608	"Students (BSc, MSc, PhD)"	Female	No	Dual nationality	NA	
486603	"Students (BSc, MSc, PhD)"	Female	No	French	NA	
499156	"Students (BSc, MSc, PhD)"	Male	Yes	Brazilian	NA	
496506	"Senior position, lecturers, researchers"	Male	No	Colombian	NA	
500059	"Students (BSc, MSc, PhD)"	Male	No	Indian	NA	
487202	"Students (BSc, MSc, PhD)"	Female	No	Ecuadorian	NA	
487197	Post doctorate or almost	Male	No answer	NA	NA	
485563	"Students (BSc, MSc, PhD)"	Female	No	NA	NA	
485396	Professor or associate	Male	No	British	NA	
500381	"Students (BSc, MSc, PhD)"	Female	No	Colombian	NA	
497842	Professor or associate	Female	No	German	NA	
487405	"Students (BSc, MSc, PhD)"	No answer	No answer	NA	NA	
486904	"Students (BSc, MSc, PhD)"	Female	No	Indian	NA	
504734	Professor or associate	Female	No	German	NA	
504079	"Students (BSc, MSc, PhD)"	Female	No answer	Canadian	NA	
490278	Professor or associate	Female	Yes	Canadian	NA	
487085	"Students (BSc, MSc, PhD)"	Male	No	Indian	NA	
497562	"Students (BSc, MSc, PhD)"	Female	Yes	Italian	NA	
486720	"Students (BSc, MSc, PhD)"	Female	No	NA	NA	
502298	"Students (BSc, MSc, PhD)"	Female	No	Indian	NA	
504627	"Students (BSc, MSc, PhD)"	No answer	No answer	Indian	NA	
482901	"Students (BSc, MSc, PhD)"	Female	No	Indian	NA	
485421	Post doctorate or almost	Male	No	NA	NA	
500138	"Students (BSc, MSc, PhD)"	Female	No	Spanish	NA	
481568	Post doctorate or almost	Female	No	French	No	
503982	Post doctorate or almost	Female	No	Belarusian	no	
484846	"Students (BSc, MSc, PhD)"	Female	No answer	Spanish	NA	
487328	Professor or associate	Female	No answer	Czech	NA	
491219	Professor or associate	Female	No	British	no	
487104	"Students (BSc, MSc, PhD)"	Male	No	German	NA	
486713	"Senior position, lecturers, researchers"	Male	No answer	French	NA	
504893	"Students (BSc, MSc, PhD)"	Male	No	Italian	NA	
478999	"Students (BSc, MSc, PhD)"	Female	No	Swiss	NA	
486856	"Students (BSc, MSc, PhD)"	Female	No	British	NA	
485837	"Students (BSc, MSc, PhD)"	Female	No	Montenegrin	NA	
487245	Professor or associate	Female	No	Italian	NA	
487215	Post doctorate or almost	Male	No	German	NA	
487267	"Students (BSc, MSc, PhD)"	Female	No	German	NA	
487371	"Senior position, lecturers, researchers"	Female	No	Hungarian	NA	
486765	"Senior position, lecturers, researchers"	Female	No	Czech	NA	
491302	"Students (BSc, MSc, PhD)"	Female	No	Danish	NA	
385173	"Students (BSc, MSc, PhD)"	Female	No	Azerbaijani	NA	
485777	"Students (BSc, MSc, PhD)"	Gender queer	Yes	American	NA	
487338	"Students (BSc, MSc, PhD)"	Female	No	Indian	NA	
488716	"Students (BSc, MSc, PhD)"	Male	No	Indian	NA	
487395	"Students (BSc, MSc, PhD)"	Female	No answer	Indian	NA	
486339	"Students (BSc, MSc, PhD)"	Female	No	Indian	NA	
486823	"Students (BSc, MSc, PhD)"	Male	Yes	British	No	
497616	"Students (BSc, MSc, PhD)"	Male	No	Israeli	NA	
487200	"Students (BSc, MSc, PhD)"	Female	No	German	NA	
484753	"Students (BSc, MSc, PhD)"	Male	No	French	NA	
487329	"Students (BSc, MSc, PhD)"	Female	No	Hungarian	NA	
487221	"Students (BSc, MSc, PhD)"	Female	Yes	Italian	NA	
498301	"Students (BSc, MSc, PhD)"	Female	No	Indian	NA	
485118	"Students (BSc, MSc, PhD)"	Female	Yes	French	NA	
487105	"Students (BSc, MSc, PhD)"	Female	No	German	NA	
494252	"Students (BSc, MSc, PhD)"	Female	Yes	German	NA	
502272	Post doctorate or almost	Female	No	Hungarian	no	
485399	"Students (BSc, MSc, PhD)"	Female	No	French	NA	
477329	"Students (BSc, MSc, PhD)"	Female	No	Swiss	NA	
493298	"Students (BSc, MSc, PhD)"	Female	No	Greek	NA	
487224	"Students (BSc, MSc, PhD)"	Male	No	Italian	No.	
487122	"Students (BSc, MSc, PhD)"	Male	No	Canadian	NA	
485132	"Students (BSc, MSc, PhD)"	Male	No	Croatian	NA	
480786	"Senior position, lecturers, researchers"	Male	No	American	NA	
487351	Post doctorate or almost	Female	No	Portugese	NA	
487336	Post doctorate or almost	Female	No	Austrian	NA	
487429	Post doctorate or almost	Female	No	Danish	NA	
506029	Post doctorate or almost	Female	No	Dual nationality	NA	
505839	Post doctorate or almost	Female	No answer	British	NA	
487196	"Students (BSc, MSc, PhD)"	Female	No	Belgian	NA	
503929	"Students (BSc, MSc, PhD)"	Female	No	British	NA	
485342	"Students (BSc, MSc, PhD)"	Female	Yes	German	NA	
486284	Post doctorate or almost	Female	No	German	NA	
484573	Professor or associate	Female	No	New Zealand	NA	
486952	Professor or associate	Male	No	German	NA	
488784	Professor or associate	Male	No	Austrian	no	
486721	Post doctorate or almost	Female	Yes	German	NA	
505728	"Senior position, lecturers, researchers"	Female	No	British	NA	
487323	Post doctorate or almost	Male	Yes	Australian	NA	
486064	Post doctorate or almost	Female	No	French	NA	
487121	Post doctorate or almost	Female	No	Spanish	NA	
485917	"Students (BSc, MSc, PhD)"	Male	No	Brazilian	NA	
504933	Post doctorate or almost	Male	No	Italian	no	
493664	"Senior position, lecturers, researchers"	Female	No	NA	NA	
484675	"Senior position, lecturers, researchers"	Female	No	French	NA	
491640	"Senior position, lecturers, researchers"	Male	No	Brazilian	NA	
503482	Post doctorate or almost	Male	No	Spanish	No	
498666	"Students (BSc, MSc, PhD)"	Male	No	Italian	NA	
403188	Professor or associate	Female	No	German	NA	
486348	Post doctorate or almost	Female	No	Spanish	No	
487917	Post doctorate or almost	Female	No	Portugese	NA	
491245	"Senior position, lecturers, researchers"	Male	No answer	Indian	NA	
486170	Post doctorate or almost	Male	No	Indian	NA	
498582	"Students (BSc, MSc, PhD)"	Male	No	Hong Kongers	no	
485567	Post doctorate or almost	Female	No	French	NA	
485195	Post doctorate or almost	Female	No	French	NA	
495003	Professor or associate	Female	No	Costa Rican	NA	
464496	"Students (BSc, MSc, PhD)"	Female	Yes	Dutch	NA	
486438	Post doctorate or almost	Female	No	British	No	
481745	"Students (BSc, MSc, PhD)"	Female	No	British	NA	
503451	"Students (BSc, MSc, PhD)"	Female	No	Thai	NA	
504208	"Students (BSc, MSc, PhD)"	Male	Yes	British	NA	
485283	"Senior position, lecturers, researchers"	Female	No answer	Italian	NA	
490033	"Senior position, lecturers, researchers"	Female	No	British	No	
487284	"Senior position, lecturers, researchers"	Male	No	NA	NA	
487278	Post doctorate or almost	No answer	No	French	NA	
486278	Professor or associate	Female	No	British	NA	
487253	"Students (BSc, MSc, PhD)"	Female	No answer	Italian	NA	
488122	Professor or associate	Female	No	British	NA	
505581	Post doctorate or almost	Female	Yes	Australian	NA	
487408	"Senior position, lecturers, researchers"	Male	No	German	NA	
487406	"Senior position, lecturers, researchers"	Female	No	German	NA	
506006	Post doctorate or almost	Female	No	Italian	NA	
487279	Post doctorate or almost	Female	No	Italian	NA	
504904	"Students (BSc, MSc, PhD)"	Female	Yes	Canadian	NA	
486722	Post doctorate or almost	Female	No	French	NA	
506008	Professor or associate	Female	No	British	NA	
504029	Professor or associate	Female	No	American	NA	
487397	Post doctorate or almost	Female	No	Mexican	No	
486680	"Senior position, lecturers, researchers"	Female	No	Croatian	NA	
485133	"Students (BSc, MSc, PhD)"	Female	Yes	Portugese	NA	
486788	"Senior position, lecturers, researchers"	Female	No answer	Italian	NA	
485988	"Students (BSc, MSc, PhD)"	Female	No	Sri Lankan	NA	
403319	Post doctorate or almost	Female	Yes	Portugese	NA	
486862	Professor or associate	Female	Yes	German	NA	
487305	"Students (BSc, MSc, PhD)"	Female	No answer	French	NA	
467331	"Senior position, lecturers, researchers"	Female	No	British	NA	
487251	Post doctorate or almost	Male	No	Belgian	NA	
506385	"Students (BSc, MSc, PhD)"	Female	No answer	NA	NA	
487237	"Students (BSc, MSc, PhD)"	Gender queer	Yes	Italian	NA	
478561	"Students (BSc, MSc, PhD)"	Female	No	Spanish	NA	
504281	"Students (BSc, MSc, PhD)"	Male	No	Dual nationality	NA	
487331	"Senior position, lecturers, researchers"	Female	No	Austrian	NA	
499047	"Students (BSc, MSc, PhD)"	Female	No	Belgian	NA	
487007	"Students (BSc, MSc, PhD)"	Female	No answer	Belgian	NA	
487391	"Students (BSc, MSc, PhD)"	Female	Yes	Dutch	NA	
493130	"Senior position, lecturers, researchers"	Male	No	German	no	
486989	"Students (BSc, MSc, PhD)"	Male	No	French	NA	
485989	"Students (BSc, MSc, PhD)"	Male	Yes	Sri Lankan	No	
482197	"Students (BSc, MSc, PhD)"	Female	No answer	Italian	NA	
502428	"Students (BSc, MSc, PhD)"	Female	No	German	NA	
482537	"Students (BSc, MSc, PhD)"	Female	No	Indian	NA	
484873	Post doctorate or almost	Female	No	German	NA	
505048	Post doctorate or almost	Male	No	Brazilian	NA	
491691	"Students (BSc, MSc, PhD)"	Female	Yes	Portugese	NA	
487092	"Students (BSc, MSc, PhD)"	Male	No answer	NA	NA	
487270	"Students (BSc, MSc, PhD)"	Female	No	German	NA	
503343	"Students (BSc, MSc, PhD)"	Female	No	NA	NA	
486572	"Senior position, lecturers, researchers"	Female	No	German	NA	
504545	Post doctorate or almost	Female	No	French	NA	
486787	"Students (BSc, MSc, PhD)"	Female	No answer	German	NA	
486801	Professor or associate	Male	No	Dutch	NA	
503710	Post doctorate or almost	Male	No	Austrian	NA	
500336	"Students (BSc, MSc, PhD)"	Female	No	New Zealand	NA	
486592	"Senior position, lecturers, researchers"	Female	No	British	NA	
505121	Professor or associate	Female	No	NA	NA	
487269	"Students (BSc, MSc, PhD)"	Female	Yes	American	NA	
486169	Post doctorate or almost	Male	No	Canadian	None	
486993	"Students (BSc, MSc, PhD)"	Female	No	Russian	NA	
473863	"Students (BSc, MSc, PhD)"	Female	Yes	German	NA	
488410	"Students (BSc, MSc, PhD)"	Female	No	Swedish	NA	
486761	Post doctorate or almost	Male	No	Italian	NA	
485291	"Students (BSc, MSc, PhD)"	Female	No	British	None	
487017	"Senior position, lecturers, researchers"	Male	No	British	NA	
487049	Professor or associate	Female	No	Czech	NA	
486960	"Students (BSc, MSc, PhD)"	Female	No	Italian	NA	
487321	"Students (BSc, MSc, PhD)"	Female	No	Austrian	NA	
487330	Post doctorate or almost	Male	No	Hungarian	NA	
487922	Post doctorate or almost	Female	No	German	NA	
486956	Post doctorate or almost	Gender queer	Yes	British	NA	
487248	Post doctorate or almost	Female	No	Swiss	NA	
486715	Post doctorate or almost	Female	No	Swiss	NA	
475376	Post doctorate or almost	Male	No answer	Italian	NA	
486988	Post doctorate or almost	Male	No	Portugese	NA	
506294	"Senior position, lecturers, researchers"	Female	No	German	NA	
505740	Post doctorate or almost	No answer	No answer	German	NA	
487309	Post doctorate or almost	Male	No	Austrian	NA	
485225	"Students (BSc, MSc, PhD)"	Female	No	Czech	NA	
485224	"Senior position, lecturers, researchers"	Male	No	British	NA	
487317	"Students (BSc, MSc, PhD)"	Male	Yes	NA	NA	
496713	"Students (BSc, MSc, PhD)"	Female	No	French	NA	
483387	Post doctorate or almost	Female	No answer	Finnish	NA	
487601	"Students (BSc, MSc, PhD)"	No answer	No	Italian	NA	
483855	"Senior position, lecturers, researchers"	Male	No	NA	NA	
486059	"Senior position, lecturers, researchers"	Female	No	British	NA	
483766	"Students (BSc, MSc, PhD)"	Female	No	Portugese	NA	
486978	"Students (BSc, MSc, PhD)"	Female	No	Dual nationality	NA	
487296	"Students (BSc, MSc, PhD)"	Male	No	Japanese	NA	
487211	"Students (BSc, MSc, PhD)"	Female	Yes	Polish	NA	
412915	"Senior position, lecturers, researchers"	Female	No	German	No	
485841	Professor or associate	Male	No	Indian	NA	
503383	"Students (BSc, MSc, PhD)"	Male	Yes	Portugese	NA	
485545	Post doctorate or almost	Female	No	German	NA	
502209	"Students (BSc, MSc, PhD)"	Male	Yes	Italian	NA	
487342	"Students (BSc, MSc, PhD)"	Female	No	Mexican	NA	
496838	"Students (BSc, MSc, PhD)"	Female	No answer	NA	NA	
485077	"Students (BSc, MSc, PhD)"	Male	No	Ecuadorian	NA	
487141	"Students (BSc, MSc, PhD)"	Female	No	Spanish	None.	
474723	"Senior position, lecturers, researchers"	Female	No	British	NA	
487413	"Students (BSc, MSc, PhD)"	Female	Yes	Spanish	NA	
486029	"Students (BSc, MSc, PhD)"	Female	No	German	NA	
487366	Post doctorate or almost	Female	No	German	NA	
504542	"Students (BSc, MSc, PhD)"	Female	No answer	Indian	NA	
504777	Post doctorate or almost	Female	Yes	Greek	NA	
403716	"Students (BSc, MSc, PhD)"	Male	No	French	NA	
506298	"Students (BSc, MSc, PhD)"	Female	No	Australian	NA	
487258	Post doctorate or almost	Female	No	German	NA	
485639	Post doctorate or almost	Male	No	French	NA	
487420	"Students (BSc, MSc, PhD)"	Male	No	German	NA	
505712	"Students (BSc, MSc, PhD)"	Male	No answer	British	NA	
485058	"Students (BSc, MSc, PhD)"	Female	No answer	German	NA	
497832	"Students (BSc, MSc, PhD)"	Female	No	German	NA	
491295	Post doctorate or almost	Female	No	Dual nationality	NA	
483839	"Students (BSc, MSc, PhD)"	Female	No	Dutch	NA	
486297	"Students (BSc, MSc, PhD)"	Female	Yes	Colombian	NA	
506811	"Students (BSc, MSc, PhD)"	Female	No answer	NA	NA	
487212	Post doctorate or almost	Female	No	British	NA	
484569	Post doctorate or almost	Female	No	French	no	
485113	Professor or associate	No answer	No answer	German	NA	
487090	"Students (BSc, MSc, PhD)"	Female	No	Austrian	NA	
503665	"Students (BSc, MSc, PhD)"	Female	No	Canadian	no	
485765	Post doctorate or almost	Female	No	British	NA	
485143	"Students (BSc, MSc, PhD)"	Female	No	Dual nationality	No	
504809	"Students (BSc, MSc, PhD)"	Gender queer	Yes	American	mobility issues- will need seat while presenting	
481921	Post doctorate or almost	Gender queer	Yes	Canadian	NA	
502411	"Students (BSc, MSc, PhD)"	No answer	Yes	German	NA	
486784	"Students (BSc, MSc, PhD)"	No answer	No answer	NA	NA	
486010	"Students (BSc, MSc, PhD)"	Female	No	German	NA	
485171	"Students (BSc, MSc, PhD)"	Female	No	British	NA	
483811	Professor or associate	Male	No	Swiss	NA	
506901	"Students (BSc, MSc, PhD)"	Female	No	German	NA	
485758	"Students (BSc, MSc, PhD)"	Male	No	Italian	NA	
502221	"Students (BSc, MSc, PhD)"	Female	No answer	French	NA	
168026	"Senior position, lecturers, researchers"	Female	No	German	NA	
485467	"Students (BSc, MSc, PhD)"	Female	No	Mexican	NA	
485384	"Students (BSc, MSc, PhD)"	Female	No	German	NA	
485414	"Students (BSc, MSc, PhD)"	Female	No answer	Indian	NA	
486587	"Students (BSc, MSc, PhD)"	Female	No	Swiss	NA	
488816	"Students (BSc, MSc, PhD)"	Female	No	German	NA	
479335	"Students (BSc, MSc, PhD)"	Female	No	Austrian	NA	
486752	"Students (BSc, MSc, PhD)"	Male	No	German	NA	
487189	Post doctorate or almost	Female	Yes	Finnish	NA	
486581	"Students (BSc, MSc, PhD)"	Female	No	Indian	NA	
487206	Post doctorate or almost	Female	No	Finnish	NA	
502447	"Students (BSc, MSc, PhD)"	Male	No	British	NA	
486265	Post doctorate or almost	Female	No	Argentinian	NA	
485991	"Students (BSc, MSc, PhD)"	Male	Yes	Bangladeshi	NA	
486973	"Students (BSc, MSc, PhD)"	Female	No	German	NA	
505251	Post doctorate or almost	Female	Yes	Australian	NA	
483545	"Senior position, lecturers, researchers"	Female	No	Austrian	NA	
504049	"Students (BSc, MSc, PhD)"	Female	Yes	German	NA	
506790	"Senior position, lecturers, researchers"	Female	No	French	NA	
484882	"Students (BSc, MSc, PhD)"	Male	No	Australian	No	
487388	Professor or associate	Female	No	NA	NA	
481900	Post doctorate or almost	Female	No	French	NA	
484824	Professor or associate	Female	No	NA	No	
487316	Professor or associate	Female	Yes	Austrian	none	
494364	Post doctorate or almost	Female	No	German	NA	
499276	Post doctorate or almost	Female	No	American	NA	
481157	"Students (BSc, MSc, PhD)"	Male	No answer	German	NA	
506727	"Students (BSc, MSc, PhD)"	Female	Yes	German	NA	
483908	"Students (BSc, MSc, PhD)"	Female	No	American	NA	
486288	Post doctorate or almost	Female	Yes	German	NA	
487313	Post doctorate or almost	Female	No	Polish	No	
485140	Post doctorate or almost	Female	No	German	"no, but thank you for asking"	
486324	"Students (BSc, MSc, PhD)"	Female	No	German	NA	
473833	"Students (BSc, MSc, PhD)"	Male	No	German	NA	
487002	Professor or associate	Male	No	German	no	
485918	Professor or associate	Male	Yes	Canadian	No	
503319	"Students (BSc, MSc, PhD)"	Male	No	Austrian	NA	
496105	"Senior position, lecturers, researchers"	Female	Yes	Swiss	NA	
487246	"Students (BSc, MSc, PhD)"	Female	Yes	German	NA	
503459	"Senior position, lecturers, researchers"	Female	No	British	NA	
488797	"Senior position, lecturers, researchers"	Female	No	Australian	NA	
487236	"Senior position, lecturers, researchers"	Male	No	Taiwanese	none	
486437	"Students (BSc, MSc, PhD)"	Female	No	British	NA	
486828	Professor or associate	Male	No	Israeli	NA	
482320	Professor or associate	Male	No	British	NA	
485982	"Students (BSc, MSc, PhD)"	Male	Yes	Australian	NA	
505323	"Students (BSc, MSc, PhD)"	Female	No	Turkish	NA	
502152	"Students (BSc, MSc, PhD)"	Male	No	Japanese	NA	
485352	Professor or associate	Male	No	Japanese	NA	
506121	Post doctorate or almost	Male	No	Iranian	NA	
412232	"Senior position, lecturers, researchers"	Female	No	German	NA	
486746	"Students (BSc, MSc, PhD)"	Female	No	Danish	NA	
484752	"Students (BSc, MSc, PhD)"	No answer	No	Danish	NA	
486570	"Students (BSc, MSc, PhD)"	Female	No	NA	NA	
485371	"Students (BSc, MSc, PhD)"	Female	No	British	No	
483812	"Students (BSc, MSc, PhD)"	Female	No	German	NA	
485576	Post doctorate or almost	Female	Yes	American	NA	
483966	"Senior position, lecturers, researchers"	Male	No	British	No	
502840	"Students (BSc, MSc, PhD)"	Male	No	Indian	No	
497602	Post doctorate or almost	Female	No	German	no	
487384	"Students (BSc, MSc, PhD)"	Female	No	NA	NA	
400995	Professor or associate	Female	No	German	NA	
495783	"Senior position, lecturers, researchers"	Male	No	German	NA	
487348	"Students (BSc, MSc, PhD)"	Female	No	Indian	NA	
499038	"Senior position, lecturers, researchers"	Male	No	Japanese	NA	
505471	Post doctorate or almost	Male	No	Cypriot	NA	
483887	Post doctorate or almost	Female	No	German	NA	
506651	Post doctorate or almost	Male	Yes	German	NA	
491635	Professor or associate	Male	No	Australian	Nope	
484762	Post doctorate or almost	Male	No	Australian	NA	
487734	Post doctorate or almost	Female	No	Japanese	N/A	
486120	"Students (BSc, MSc, PhD)"	Male	No answer	Belgian	NA	
505297	"Students (BSc, MSc, PhD)"	Female	Yes	French	no	
499439	"Senior position, lecturers, researchers"	Female	No	German	NA	
474446	Post doctorate or almost	Female	No answer	German	NA	
503843	"Senior position, lecturers, researchers"	Female	No answer	German	NA	
487096	"Senior position, lecturers, researchers"	Male	No	American	NA	
488722	"Students (BSc, MSc, PhD)"	Female	Yes	Lebanese	NA	
485893	Professor or associate	Female	No	American	NA	
487062	"Senior position, lecturers, researchers"	Female	Yes	German	NA	
499432	"Students (BSc, MSc, PhD)"	Male	No	German	NA	
487885	"Students (BSc, MSc, PhD)"	Female	No	German	NA	
168027	Professor or associate	Female	No	German	NA	
485181	Professor or associate	Male	No	Dutch	NA	
497827	"Students (BSc, MSc, PhD)"	Female	No	Italian	NA	
486702	"Senior position, lecturers, researchers"	Female	No	Czech	NA	
504685	"Students (BSc, MSc, PhD)"	Female	Yes	American	NA	
202351	Professor or associate	Female	No	Swiss	no	
487207	Post doctorate or almost	Female	No answer	NA	NA	
505087	Post doctorate or almost	Male	No	German	NA	
506469	"Senior position, lecturers, researchers"	Male	No	Dutch	None	
488562	Post doctorate or almost	Female	No	Finnish	NA	
505120	Professor or associate	Male	No	Austrian	NA	
486334	"Senior position, lecturers, researchers"	Male	No	German	NA	
488838	Post doctorate or almost	Male	Yes	Italian	NA	
505320	Post doctorate or almost	Female	No	NA	NA	
400125	Post doctorate or almost	Female	No	German	NA	
486852	"Senior position, lecturers, researchers"	Male	No	German	NA	
487341	Post doctorate or almost	Female	No	Thai	NA	
506060	Professor or associate	Male	No answer	German	NA	
486996	"Students (BSc, MSc, PhD)"	Male	No	NA	NA	
504158	"Students (BSc, MSc, PhD)"	Female	No	German	NA	
497834	"Students (BSc, MSc, PhD)"	Female	No	German	NA	
488679	"Students (BSc, MSc, PhD)"	Male	No answer	NA	NA	
498975	"Students (BSc, MSc, PhD)"	Male	No	Indian	NA	
485916	Post doctorate or almost	Female	No	Hungarian	NA	
488734	"Senior position, lecturers, researchers"	Female	Yes	German	no	
486395	"Senior position, lecturers, researchers"	Male	No	German	NA	
503335	Professor or associate	Male	No	German	NA	
487365	"Students (BSc, MSc, PhD)"	Female	No	German	NA	
486402	"Students (BSc, MSc, PhD)"	Female	No	Canadian	NA	
487280	"Students (BSc, MSc, PhD)"	Female	Yes	French	NA	
487155	"Students (BSc, MSc, PhD)"	Male	No	Colombian	NA	
485307	"Students (BSc, MSc, PhD)"	Female	No	German	NA	
500107	"Students (BSc, MSc, PhD)"	Male	No	NA	NA	
488740	"Students (BSc, MSc, PhD)"	No answer	Yes	Dutch	NA	
404858	"Students (BSc, MSc, PhD)"	Female	No	Dual nationality	NA	
484222	"Students (BSc, MSc, PhD)"	Female	No	Swedish	NA	
486337	"Students (BSc, MSc, PhD)"	Male	No	German	NA	
486790	"Students (BSc, MSc, PhD)"	Female	Yes	French	NA	
483833	Professor or associate	Female	No	British	NA	
487361	"Senior position, lecturers, researchers"	Female	No answer	Dual nationality	NA	
498392	Post doctorate or almost	Male	No	French	NA	
503930	"Students (BSc, MSc, PhD)"	Male	No	British	NA	
490816	"Senior position, lecturers, researchers"	Female	No	Australian	NA	
485439	"Students (BSc, MSc, PhD)"	Female	No	Singaporean	NA	
502345	"Students (BSc, MSc, PhD)"	Female	No	Dutch	NA	
487262	Post doctorate or almost	Male	No	British	NA	
503846	"Students (BSc, MSc, PhD)"	Male	No	French	NA	
481960	Professor or associate	No answer	No answer	British	NA	
487022	Professor or associate	Male	No	German	NA	
487318	"Students (BSc, MSc, PhD)"	Male	Yes	British	NA	
487660	"Students (BSc, MSc, PhD)"	Female	No	Chinese	NA	
497635	"Students (BSc, MSc, PhD)"	Male	Yes	Chinese	NA	
486982	Professor or associate	Female	No	Chinese	NA	
487414	"Students (BSc, MSc, PhD)"	Female	No	German	NA	
475651	"Students (BSc, MSc, PhD)"	Female	No	French	NA	
503141	Professor or associate	Male	No	Hungarian	NA	
488880	Professor or associate	Female	No	Finnish	NA	
486309	"Students (BSc, MSc, PhD)"	Female	No	Hong Kongers	NA	
493926	"Students (BSc, MSc, PhD)"	Male	No	Ecuadorian	NA	
487273	Post doctorate or almost	Female	Yes	Dual nationality	NA	
487387	"Students (BSc, MSc, PhD)"	No answer	No	Taiwanese	NA	
487396	"Students (BSc, MSc, PhD)"	Female	No answer	German	NA	
486558	"Students (BSc, MSc, PhD)"	Female	No	Swiss	NA	
486714	"Senior position, lecturers, researchers"	Female	Yes	German	NA	
422422	"Students (BSc, MSc, PhD)"	Male	No	German	NA	
487319	"Students (BSc, MSc, PhD)"	Male	No	Chinese	NA	
497649	Post doctorate or almost	Gender queer	No answer	Chinese	NA	
488725	Professor or associate	No answer	No answer	NA	NA	
487099	"Students (BSc, MSc, PhD)"	Female	No	Indian	no	
487283	Post doctorate or almost	Female	No answer	Japanese	NA	
486611	"Students (BSc, MSc, PhD)"	Male	No	Mauritian	NA	
488532	Professor or associate	Male	No	German	NA	
505936	Post doctorate or almost	Male	No	Indian	NA	
506720	Professor or associate	Female	No	Finnish	no	
403243	Post doctorate or almost	Female	No	Turkish	NA	
474864	"Students (BSc, MSc, PhD)"	Female	No	Canadian	NA	
504921	"Students (BSc, MSc, PhD)"	Male	No	NA	NA	
487360	"Students (BSc, MSc, PhD)"	Male	No answer	Serbian	NA	
485175	"Students (BSc, MSc, PhD)"	Male	No answer	American	"To avoid social & sensory over-stimulation, a low stimulus room"" would be great (no talking, no phone calls). This low sensory input space was e.g. available at Evolution 2022, and a very welcome addition to the busy surroundings of the conference. If feasible with the venue's capacity, this would be great."""	
498278	"Students (BSc, MSc, PhD)"	Female	No answer	Spanish	NA	
486807	"Senior position, lecturers, researchers"	Female	No	NA	NA	
485915	Post doctorate or almost	Female	No	Czech	"No, I donÂ´t."	
487873	"Senior position, lecturers, researchers"	Male	No	Dutch	NA	
504922	"Senior position, lecturers, researchers"	No answer	No answer	NA	NA	
493671	"Students (BSc, MSc, PhD)"	Female	No	American	NA	
485425	"Senior position, lecturers, researchers"	Male	No	German	NA	
486294	"Senior position, lecturers, researchers"	Female	No	NA	NA	
487923	"Senior position, lecturers, researchers"	Male	No answer	Gambian	NO	
501817	"Students (BSc, MSc, PhD)"	Female	No	NA	no	
485756	"Students (BSc, MSc, PhD)"	Male	No	British	No	
485985	Post doctorate or almost	Male	No	Australian	NA	
504776	"Students (BSc, MSc, PhD)"	Female	Yes	German	NA	
482205	"Students (BSc, MSc, PhD)"	Female	No answer	Portugese	NA	
506668	Post doctorate or almost	Male	No	Colombian	No	
399483	"Students (BSc, MSc, PhD)"	Female	No	German	NA	
486929	"Students (BSc, MSc, PhD)"	Male	No	French	NA	
396938	Post doctorate or almost	Male	No	German	"Yes, I would like captions to be available throughout the conference."	
486386	"Students (BSc, MSc, PhD)"	Male	No	German	NA	
487239	Professor or associate	Female	No	Austrian	no	
486508	"Students (BSc, MSc, PhD)"	Female	No	NA	NA	
482337	"Senior position, lecturers, researchers"	Female	No	British	NA	
506337	Post doctorate or almost	Male	No	Indian	NA	
491242	Post doctorate or almost	Female	No	Spanish	NA	
504343	Professor or associate	Female	No	Spanish	NA	
485027	"Students (BSc, MSc, PhD)"	Male	No	Irish	NA	
483661	Professor or associate	Female	No	Spanish	NA	
504557	Post doctorate or almost	Female	No	Australian	No	
498649	"Students (BSc, MSc, PhD)"	No answer	No	Swiss	NA	
502680	"Senior position, lecturers, researchers"	Male	No	Portugese	NA	
485350	"Senior position, lecturers, researchers"	Male	No	British	no	
485940	"Students (BSc, MSc, PhD)"	Female	No	French	NA	
487310	"Students (BSc, MSc, PhD)"	Male	No	British	NA	
486859	"Students (BSc, MSc, PhD)"	Male	No	British	NA	
482221	"Senior position, lecturers, researchers"	Female	No	British	NA	
504050	Post doctorate or almost	Female	Yes	American	no	
485170	"Senior position, lecturers, researchers"	Female	Yes	American	NA	
483605	Post doctorate or almost	No answer	No answer	NA	NA	
497414	Post doctorate or almost	Male	No	Irish	Nil	
473375	"Senior position, lecturers, researchers"	Female	No	British	NA	
486061	"Senior position, lecturers, researchers"	Female	No	Swiss	NA	
403143	"Students (BSc, MSc, PhD)"	Male	No	German	NA	
476357	Post doctorate or almost	Female	No	Indian	NA	
505392	Post doctorate or almost	Female	No	German	NA	
484733	"Students (BSc, MSc, PhD)"	Female	No	Indian	NA	
487362	"Students (BSc, MSc, PhD)"	Female	No	Pakistani	No	
487401	"Senior position, lecturers, researchers"	Male	No	Indian	NA	
505970	Post doctorate or almost	Female	No answer	American	NA	
487345	Post doctorate or almost	Female	No	American	NA	
485649	Post doctorate or almost	Male	Yes	Irish	NA	
488087	"Senior position, lecturers, researchers"	Male	No	Indian	NA	
506809	"Students (BSc, MSc, PhD)"	Male	No	Irish	NA	
487013	Post doctorate or almost	Male	No	Ugandan	I do not eat pork.	
504250	Post doctorate or almost	Female	No	NA	NA	
497114	Post doctorate or almost	Male	No	NA	NA	
487312	"Students (BSc, MSc, PhD)"	Male	No	Indian	No	
484190	"Senior position, lecturers, researchers"	Male	No	German	NA	
485402	Post doctorate or almost	Female	No	Canadian	NA	
485405	Professor or associate	Female	No	British	NA	
503375	"Students (BSc, MSc, PhD)"	Gender queer	Yes	Finnish	NA	
485747	"Senior position, lecturers, researchers"	Female	No	German	NA	
486000	"Senior position, lecturers, researchers"	No answer	No answer	Slowenien	NA	
487737	"Students (BSc, MSc, PhD)"	Male	No	German	NA	
487417	Post doctorate or almost	Male	No	Swiss	NA	
486575	Post doctorate or almost	Male	No	Austrian	NA	
487281	"Students (BSc, MSc, PhD)"	Male	No answer	British	NA	
404859	"Students (BSc, MSc, PhD)"	Female	Yes	American	NA	
486723	"Students (BSc, MSc, PhD)"	Female	Yes	German	NA	
485172	Professor or associate	Male	No	Portugese	NA	
410812	Post doctorate or almost	Female	No	Ukraine	NA	
487259	"Senior position, lecturers, researchers"	Female	No	Croatian	NA	
487352	"Senior position, lecturers, researchers"	Male	No	Swedish	NA	
487423	Professor or associate	Male	No	Brazilian	NA	
503572	"Students (BSc, MSc, PhD)"	Female	No	German	No	
503119	Post doctorate or almost	Female	No answer	Australian	NA	
486864	"Students (BSc, MSc, PhD)"	Male	No answer	German	NA	
505505	"Students (BSc, MSc, PhD)"	Female	No answer	British	NA	
487324	"Students (BSc, MSc, PhD)"	Male	No	Italian	NA	
486822	Post doctorate or almost	Female	No	Greek	NA	
483468	"Students (BSc, MSc, PhD)"	Female	No	NA	NA	
486042	Professor or associate	Gender queer	No	Dual nationality	NA	
503305	"Students (BSc, MSc, PhD)"	Female	No	Indian	NA	
487249	Post doctorate or almost	Female	No	German	NA	
485992	"Students (BSc, MSc, PhD)"	Female	No	Bangladeshi	NA	
502394	"Students (BSc, MSc, PhD)"	Female	No	Indian	NA	
487106	"Students (BSc, MSc, PhD)"	Female	No	Dutch	NA	
486015	Post doctorate or almost	Female	No	French	NA	
504894	Professor or associate	Male	No answer	Chinese	NA	
487261	"Senior position, lecturers, researchers"	Male	No	American	no	
484630	"Students (BSc, MSc, PhD)"	Female	No	Brazilian	NA	
468560	Post doctorate or almost	Male	No answer	NA	NA	
486290	"Students (BSc, MSc, PhD)"	Female	No	Portugese	NA	
487234	"Senior position, lecturers, researchers"	Female	No	Spanish	NA	
486980	"Students (BSc, MSc, PhD)"	Female	No	Italian	No	
486901	"Students (BSc, MSc, PhD)"	Male	No	French	NA	
487400	"Senior position, lecturers, researchers"	Female	No	Czech	NA	
483796	"Students (BSc, MSc, PhD)"	Female	No	German	NA	
487199	"Senior position, lecturers, researchers"	Male	No	Belgian	NA	
488352	Professor or associate	Female	No	German	NA	
485446	"Senior position, lecturers, researchers"	Female	Yes	British	NA	
502765	"Students (BSc, MSc, PhD)"	Female	No	Spanish	NA	
497630	"Students (BSc, MSc, PhD)"	No answer	No	German	NA	
485658	Post doctorate or almost	Female	No	French	NA	
488728	"Students (BSc, MSc, PhD)"	Female	No	German	NA	
503253	"Students (BSc, MSc, PhD)"	Male	No	German	NA	
488727	"Students (BSc, MSc, PhD)"	Male	No	German	NA	
486968	"Students (BSc, MSc, PhD)"	Male	No	Spanish	NA	
491515	"Students (BSc, MSc, PhD)"	Gender queer	Yes	NA	NA	
474420	"Students (BSc, MSc, PhD)"	Female	No	Costa Rican	NA	
505406	"Students (BSc, MSc, PhD)"	Female	No answer	Czech	NA	
486985	"Students (BSc, MSc, PhD)"	Male	No	German	NA	
502934	"Students (BSc, MSc, PhD)"	Gender queer	Yes	German	NA	
506499	"Students (BSc, MSc, PhD)"	Female	No	German	NA	
487213	Post doctorate or almost	Female	No	Dual nationality	NA	
486975	"Students (BSc, MSc, PhD)"	Female	No	Indian	NA	
487271	"Students (BSc, MSc, PhD)"	Female	No answer	Hungarian	NA	
483945	Professor or associate	Female	No	German	NA	
485590	"Students (BSc, MSc, PhD)"	Male	No	Indian	NA	
483714	Professor or associate	Female	No	German	NA	
487117	"Students (BSc, MSc, PhD)"	Male	No	German	NA	
473731	Post doctorate or almost	Female	No	Danish	NA	
485541	Post doctorate or almost	Male	No	French	NA	
484915	Professor or associate	Male	No	French	no	
496553	Professor or associate	Male	No	Canadian	no	
487252	"Senior position, lecturers, researchers"	Male	No	Swiss	NA	
486939	Professor or associate	Male	No	German	NA	
487399	"Students (BSc, MSc, PhD)"	Female	No	German	NA	
503206	"Students (BSc, MSc, PhD)"	Female	No	Luxembourgish	NA	
487383	Professor or associate	Female	No	NA	no	
483660	Professor or associate	Female	No	German	NA	
487241	"Students (BSc, MSc, PhD)"	Female	No	German	NA	
483672	"Students (BSc, MSc, PhD)"	Female	No	German	NA	
504330	"Students (BSc, MSc, PhD)"	Female	Yes	Finnish	NA	
484876	Post doctorate or almost	Female	No	German	NA	
487410	Professor or associate	Female	No	Austrian	NA	
487322	"Students (BSc, MSc, PhD)"	Male	No	German	NA	
487217	"Students (BSc, MSc, PhD)"	Male	No	Spanish	NA	
498744	"Students (BSc, MSc, PhD)"	Female	No	Indian	NA	
487276	"Students (BSc, MSc, PhD)"	Female	No	Italian	NA	
488730	"Students (BSc, MSc, PhD)"	Male	No	Danish	NA	
473979	"Students (BSc, MSc, PhD)"	Female	No	NA	NA	
484766	Professor or associate	Female	No	British	NA	
485309	"Students (BSc, MSc, PhD)"	Female	No	Austrian	no	
487119	"Students (BSc, MSc, PhD)"	Female	No	German	NA	
485273	"Senior position, lecturers, researchers"	Female	No	Colombian	NA	
486270	"Senior position, lecturers, researchers"	Female	No	Italian	NA	
486013	Post doctorate or almost	Female	Yes	German	NA	
486345	"Students (BSc, MSc, PhD)"	Female	No	German	NA	
487142	"Students (BSc, MSc, PhD)"	Female	No answer	Spanish	NA	
502685	"Students (BSc, MSc, PhD)"	Female	Yes	French	NA	
486298	"Senior position, lecturers, researchers"	Female	No	German	NA	
487247	"Students (BSc, MSc, PhD)"	Male	No	German	NA	
473716	Professor or associate	Female	No	Spanish	NA	
484722	Professor or associate	Female	No	Danish	NA	
503944	"Senior position, lecturers, researchers"	Male	No	Indian	NA	
487255	"Students (BSc, MSc, PhD)"	Male	No	Italian	NA	
482905	Professor or associate	Male	No	German	NA	
484700	"Students (BSc, MSc, PhD)"	Male	No	French	NA	
505627	"Students (BSc, MSc, PhD)"	Male	No	Indian	NA	
502776	Professor or associate	Female	No	American	no	
487364	"Senior position, lecturers, researchers"	Female	Yes	Israeli	NA	
491710	"Senior position, lecturers, researchers"	Male	No	Spanish	NA	
488813	Post doctorate or almost	Female	No	Italian	no	
487159	"Senior position, lecturers, researchers"	Male	No	NA	NA	
482953	"Students (BSc, MSc, PhD)"	Female	No	German	NA	
467479	"Students (BSc, MSc, PhD)"	Female	Yes	German	No	
488747	Post doctorate or almost	Female	Yes	American	NA	
486818	"Senior position, lecturers, researchers"	Female	No	German	NA	
504527	"Students (BSc, MSc, PhD)"	Male	No	Italian	NA	
499448	"Students (BSc, MSc, PhD)"	Female	No	German	no	
486897	Post doctorate or almost	Male	No answer	Swiss	NA	
505491	"Students (BSc, MSc, PhD)"	Male	No	Dutch	NA	
483324	Professor or associate	No answer	No	Dual nationality	NA	
34575	Professor or associate	Female	No	German	no	
404672	"Students (BSc, MSc, PhD)"	Female	No	German	NA	
473556	Professor or associate	Female	No	German	NA	
486699	Post doctorate or almost	Male	No	German	NA	
480459	Post doctorate or almost	Female	No	German	NA	
487218	Post doctorate or almost	Male	No	German	NA	
412388	"Students (BSc, MSc, PhD)"	Female	No	German	NA	
486781	"Senior position, lecturers, researchers"	Male	No	German	NA	
487333	"Students (BSc, MSc, PhD)"	Female	No	German	NA	
491326	Post doctorate or almost	Female	No	Dutch	NA	
483506	"Senior position, lecturers, researchers"	Female	No	Portugese	No.	
505332	"Senior position, lecturers, researchers"	Female	No	Indian	No	
502706	Post doctorate or almost	No answer	No	Indian	NA	
484137	"Students (BSc, MSc, PhD)"	Female	No answer	Indian	NA	
485800	"Students (BSc, MSc, PhD)"	Female	No answer	Indian	NA	
487347	Professor or associate	Male	No	British	NA	
487372	Post doctorate or almost	Female	No	French	NA	
486794	"Students (BSc, MSc, PhD)"	Female	No	German	NA	
485993	"Students (BSc, MSc, PhD)"	Female	No	Finnish	NA	
504363	"Students (BSc, MSc, PhD)"	Male	No answer	German	NA	
503757	"Students (BSc, MSc, PhD)"	Male	No	German	NA	
482239	Post doctorate or almost	No answer	No answer	NA	NA	
486233	"Students (BSc, MSc, PhD)"	No answer	No answer	NA	NA	
484755	Post doctorate or almost	Female	No	Slovenian	NA	
486280	Professor or associate	No answer	No	British	No	
487205	Post doctorate or almost	Female	No	Croatian	No.	
484982	Post doctorate or almost	Male	No answer	Greek	NA	
479193	"Students (BSc, MSc, PhD)"	Female	No	American	NA	
498857	Professor or associate	Female	No	NA	no	
487349	Post doctorate or almost	Male	Yes	German	NA	
486367	"Students (BSc, MSc, PhD)"	Female	No	German	NA	
488836	"Students (BSc, MSc, PhD)"	No answer	No	Dual nationality	NA	
502294	"Students (BSc, MSc, PhD)"	Male	No	Swiss	NA	
483813	"Students (BSc, MSc, PhD)"	Female	No	Dutch	NA	
487263	"Students (BSc, MSc, PhD)"	Female	No	Croatian	NA	
486009	"Students (BSc, MSc, PhD)"	Female	No answer	NA	NA	
497642	"Students (BSc, MSc, PhD)"	Male	No	German	NA	
487311	"Students (BSc, MSc, PhD)"	Female	No	Danish	NA	
486047	"Senior position, lecturers, researchers"	Female	No	British	NA	
487233	"Students (BSc, MSc, PhD)"	Male	No	Croatian	NA	
487339	Professor or associate	Female	No	British	NA	
496136	"Students (BSc, MSc, PhD)"	Female	No	German	NA	
487133	"Students (BSc, MSc, PhD)"	Female	No	German	NA	
474464	Professor or associate	Male	No	British	NA	
506849	Professor or associate	Female	No answer	German	NA	
487225	"Students (BSc, MSc, PhD)"	Female	No	German	NA	
496562	Professor or associate	Female	No	Australian	No	
488842	"Students (BSc, MSc, PhD)"	Female	No	Austrian	NA	
504530	Professor or associate	Female	No	Dual nationality	No	
487064	"Students (BSc, MSc, PhD)"	Female	No answer	German	NA	
485641	Post doctorate or almost	Female	No	Polish	NA	
487277	"Students (BSc, MSc, PhD)"	Female	No	Hungarian	no	
467202	"Students (BSc, MSc, PhD)"	Female	No	Austrian	NA	
487250	"Senior position, lecturers, researchers"	No answer	No	British	no	
487426	"Students (BSc, MSc, PhD)"	Female	No	British	NA	
487128	"Students (BSc, MSc, PhD)"	Female	No	NA	NA	
481702	Post doctorate or almost	Gender queer	Yes	Austrian	no	
498891	"Senior position, lecturers, researchers"	No answer	No answer	NA	NA	
485238	Post doctorate or almost	Female	No	German	NA	
487238	Professor or associate	Female	No	Austrian	NA	
487235	Professor or associate	Male	No	Austrian	NA	
485952	"Students (BSc, MSc, PhD)"	Female	No answer	Japanese	NA	
488709	Post doctorate or almost	Female	No	Australian	No	
407555	"Students (BSc, MSc, PhD)"	Male	No	NA	NA	
486246	"Senior position, lecturers, researchers"	Female	No	Austrian	NA	
487806	"Students (BSc, MSc, PhD)"	Gender queer	Yes	NA	"Autism, so a low-irritant retreat option would be great, also, since I have troubles orientating, help with that in the conference building / uni would be wonderful"	
487266	Post doctorate or almost	Female	No	Mexican	NA	
499328	"Senior position, lecturers, researchers"	Male	No	Dual nationality	NA	
487411	"Students (BSc, MSc, PhD)"	Female	No answer	American	NA	
504262	Post doctorate or almost	Female	No	Indian	NA	
481089	Professor or associate	Male	No	British	n/a	
486834	"Students (BSc, MSc, PhD)"	Female	No	Norwegian	NA	
398722	"Senior position, lecturers, researchers"	Male	No	German	NA	
487764	"Students (BSc, MSc, PhD)"	Male	Yes	French	NA	
486277	"Students (BSc, MSc, PhD)"	Female	No answer	French	No	
487374	"Students (BSc, MSc, PhD)"	Female	No	German	NA	
488540	"Students (BSc, MSc, PhD)"	Female	No	German	"For me vegan and vegetarian is fine, but I prefer vegan :)"	
482610	"Senior position, lecturers, researchers"	Female	No	Algerian	NA	
491785	Professor or associate	Male	No answer	German	NA	
487265	Post doctorate or almost	Male	No	American	NA	
484774	Post doctorate or almost	Female	No	French	NA	
487223	"Students (BSc, MSc, PhD)"	Female	No	Czech	NA	
485531	"Students (BSc, MSc, PhD)"	Female	No	Australian	NA	
487373	"Students (BSc, MSc, PhD)"	Female	No	Swiss	NA	
485981	"Students (BSc, MSc, PhD)"	Male	No	Taiwanese	NA	
480681	"Students (BSc, MSc, PhD)"	Female	Yes	British	NA	
486601	Professor or associate	Female	No	Swiss	NA	
486338	"Students (BSc, MSc, PhD)"	Female	Yes	German	NA	
486997	"Students (BSc, MSc, PhD)"	Female	No	Dutch	NA	
486785	Professor or associate	Female	No	Swiss	NA	
499942	"Students (BSc, MSc, PhD)"	Male	No answer	Dutch	NA	
505135	"Students (BSc, MSc, PhD)"	Female	No	NA	NA	
484034	"Students (BSc, MSc, PhD)"	Female	Yes	Dutch	NA	
487416	"Students (BSc, MSc, PhD)"	Gender queer	Yes	Portugese	NA	
485570	"Students (BSc, MSc, PhD)"	Female	No	NA	NA	
491595	Post doctorate or almost	Male	No	German	NA	
487861	Post doctorate or almost	Male	No	Italian	NA	
502344	"Students (BSc, MSc, PhD)"	Male	No	Dutch	NA	
482135	Post doctorate or almost	Female	No	French	NA	
488783	Post doctorate or almost	Male	No	Belgian	/	
505232	"Senior position, lecturers, researchers"	Female	No	Belgian	NA	
506112	"Senior position, lecturers, researchers"	No answer	No answer	NA	NA	
498528	"Students (BSc, MSc, PhD)"	Male	No	Greek	NA	
487632	"Students (BSc, MSc, PhD)"	No answer	No	Croatian	NA	
486791	"Students (BSc, MSc, PhD)"	Female	No	French	NA	
497118	"Senior position, lecturers, researchers"	Male	No answer	Australian	NA	
486300	"Students (BSc, MSc, PhD)"	Male	No	Japanese	NA	
480050	Post doctorate or almost	Female	No answer	German	NA	
487201	"Students (BSc, MSc, PhD)"	Female	No	German	NA	
488742	"Students (BSc, MSc, PhD)"	Female	Yes	Brazilian	NA	
485835	"Students (BSc, MSc, PhD)"	Male	No	British	NA	
485179	"Students (BSc, MSc, PhD)"	Female	Yes	German	NA	
487561	Post doctorate or almost	Female	No	Canadian	no	
487422	"Students (BSc, MSc, PhD)"	Female	No	British	NA	
487289	Post doctorate or almost	Male	No	New Zealand	I may have my 7-month old baby with me some of the time	
503632	"Senior position, lecturers, researchers"	Male	No	British	NA	
481995	"Senior position, lecturers, researchers"	Female	No	German	NA	
486950	Post doctorate or almost	Female	No	Austrian	NA	
487325	Post doctorate or almost	Female	Yes	American	NA	
485153	Professor or associate	Male	No	British	No	
483321	"Senior position, lecturers, researchers"	Female	No	American	NA	
486177	Post doctorate or almost	Female	No	Polish	NA	
487424	Professor or associate	Female	No	British	NA	
504482	"Students (BSc, MSc, PhD)"	Female	Yes	British	no	
486584	Professor or associate	Male	No	British	NA	
481739	"Students (BSc, MSc, PhD)"	Gender queer	Yes	Brazilian	NA	
497192	"Senior position, lecturers, researchers"	Female	No	American	NA	
487320	Post doctorate or almost	Female	No	American	NA	
485091	Post doctorate or almost	Female	No	Austrian	NA	
484763	"Senior position, lecturers, researchers"	Male	No answer	German	NA	
486954	Professor or associate	Female	No	German	NA	
483386	Professor or associate	Male	No	Swiss	NA	
485913	"Senior position, lecturers, researchers"	Male	Yes	British	NA	
497835	"Students (BSc, MSc, PhD)"	Male	No	Turkish	NA	
484987	"Students (BSc, MSc, PhD)"	Female	No	Japanese	NA	
219201	"Students (BSc, MSc, PhD)"	Male	No	Iranian	no	
484881	"Students (BSc, MSc, PhD)"	Female	No answer	Taiwanese	NA	
485840	"Students (BSc, MSc, PhD)"	Male	No	Turkish	NA	
487327	"Students (BSc, MSc, PhD)"	Female	No answer	Chinese	No	
487195	"Senior position, lecturers, researchers"	Female	No	Swiss	NA	
498464	Post doctorate or almost	Female	No	German	No	
488460	"Students (BSc, MSc, PhD)"	Male	No	Italian	NA	
487274	"Students (BSc, MSc, PhD)"	Female	No	Chinese	NA	
488348	"Students (BSc, MSc, PhD)"	Female	No answer	NA	NA	
506763	Post doctorate or almost	Male	No	German	NA	
487915	"Students (BSc, MSc, PhD)"	Gender queer	No answer	Italian	NA	
505896	"Students (BSc, MSc, PhD)"	Female	No answer	German	NA	
498562	Post doctorate or almost	Female	Yes	Italian	NA	